Nombre,Correo,Curso
Jose,franciscoedward296@gmail.com,Tiro Táctico
Edward,franciscoedward296@gmail.com,Tiro Táctico
Edward,franciscoedward296@gmail.com,Tiro Táctico,17/04/2026 14:55
miguel,franciscoedward296@gmail.com,Supervivencia,17/04/2026 15:39
Jose,franciscoedward296@gmail.com,Defensa Personal,17/04/2026 15:39
michel,franciscoedward296@gmail.com,Tiro Táctico,17/04/2026 15:39
Mariali,franciscoedward296@gmail.com,Medicina Táctica,17/04/2026 16:47
vargas,franciscoedward296@gmail.com,Rescate y Evacuación,17/04/2026 17:02
yoel,franciscoedward296@gmail.com,Primeros Auxilios Básicos,17/04/2026 17:35
